{"cameraMode":{"drawMode":0,"name":"Shaded","section":"Shading Mode"},"sceneLighting":false,"audioPlay":false,"sceneViewState":{"m_AlwaysRefresh":false,"showFog":true,"showSkybox":false,"showFlares":true,"showImageEffects":true,"showParticleSystems":true,"showVisualEffectGraphs":true,"m_FxEnabled":false},"in2DMode":false,"pivot":{"x":-0.005193054676055908,"y":0.4917639195919037,"z":-0.03218352794647217},"rotation":{"x":0.46581512689590456,"y":-0.00023900218366179615,"z":-0.00020755792502313852,"w":0.8850597739219666},"size":0.8967006206512451,"orthographic":false}