{"cameraMode":{"drawMode":0,"name":"Shaded","section":"Shading Mode"},"sceneLighting":false,"audioPlay":false,"sceneViewState":{"m_AlwaysRefresh":false,"showFog":true,"showSkybox":false,"showFlares":true,"showImageEffects":true,"showParticleSystems":true,"showVisualEffectGraphs":true,"m_FxEnabled":false},"in2DMode":false,"pivot":{"x":-3.882164716720581,"y":0.5698938369750977,"z":-0.1357279121875763},"rotation":{"x":0.21726268529891969,"y":-0.005808609537780285,"z":0.0010947183473035694,"w":0.9762740135192871},"size":1.0132217407226563,"orthographic":false}