{"cameraMode":{"drawMode":0,"name":"Shaded","section":"Shading Mode"},"sceneLighting":false,"audioPlay":false,"sceneViewState":{"m_AlwaysRefresh":false,"showFog":true,"showSkybox":true,"showFlares":true,"showImageEffects":true,"showParticleSystems":true,"showVisualEffectGraphs":true,"m_FxEnabled":false},"in2DMode":false,"pivot":{"x":-0.5155733823776245,"y":-2.450979232788086,"z":3.269146203994751},"rotation":{"x":0.35649004578590395,"y":0.011230317875742913,"z":-0.004497660789638758,"w":0.9344044327735901},"size":5.885647773742676,"orthographic":false}